{"root":[{"assemblyName":"Unity.InputSystem","nameSpace":"UnityEngine.InputSystem","className":"InputSystem","methodName":"RunInitializeInPlayer","loadTypes":1,"isUnityClass":true},{"assemblyName":"Unity.AdaptivePerformance","nameSpace":"UnityEngine.AdaptivePerformance","className":"AdaptivePerformanceInitializer","methodName":"Initialize","loadTypes":1,"isUnityClass":true},{"assemblyName":"Unity.AdaptivePerformance","nameSpace":"UnityEngine.AdaptivePerformance","className":"AdaptivePerformanceGeneralSettings","methodName":"AttemptInitializeAdaptivePerformanceOnLoad","loadTypes":2,"isUnityClass":true},{"assemblyName":"Unity.AdaptivePerformance","nameSpace":"UnityEngine.AdaptivePerformance","className":"AdaptivePerformanceGeneralSettings","methodName":"AttemptStartAdaptivePerformanceOnBeforeSplashScreen","loadTypes":3,"isUnityClass":true},{"assemblyName":"Unity.RenderPipelines.Universal.Runtime","nameSpace":"UnityEngine.Rendering.Universal","className":"XRSystem","methodName":"XRSystemInit","loadTypes":3,"isUnityClass":true},{"assemblyName":"Unity.RenderPipelines.Core.Runtime","nameSpace":"UnityEngine.Rendering","className":"DebugUpdater","methodName":"RuntimeInit","loadTypes":0,"isUnityClass":true},{"assemblyName":"Unity.VisualScripting.Core","nameSpace":"Unity.VisualScripting","className":"RuntimeVSUsageUtility","methodName":"RuntimeInitializeOnLoadBeforeSceneLoad","loadTypes":1,"isUnityClass":true}]}
